Mount Rainier,www.peakbagger.com/peak.aspx?pid=2296,"14,406",4391,"13,241",4036,731.1,1176.3
Mount Baker,https://www.peakbagger.com/peak.aspx?pid=1633,"10,779",3285,8810,2685,131.5,211.6
Mount Adams,https://www.peakbagger.com/peak.aspx?pid=2365,"12,280",3743,8135,2480,45.8,73.7
Mount Olympus,https://www.peakbagger.com/peak.aspx?pid=950,7973,2430,7842,2390,108,173.8
Glacier Peak,https://www.peakbagger.com/peak.aspx?pid=1972,"10,550",3216,7539,2298,56,90.1
Mount Stuart,https://www.peakbagger.com/peak.aspx?pid=2182,9419,2871,5342,1628,44.5,71.6
Abercrombie Mountain,https://www.peakbagger.com/peak.aspx?pid=3042,7314,2229,5174,1577,14,22.5
Round Mountain,https://www.peakbagger.com/peak.aspx?pid=908,5368,1636,4840,1475,7.8,12.6
Mount Spickard,https://www.peakbagger.com/peak.aspx?pid=1610,8983,2738,4821,1469,18.8,30.2
Copper Butte,www.peakbagger.com/peak.aspx?pid=2962,7146,2178,4751,1448,30.3,48.8
Mount Saint Helens,https://www.peakbagger.com/peak.aspx?pid=2353,8325,2537,4590,1399,32,51.5
Three Fingers,https://www.peakbagger.com/peak.aspx?pid=1791,6865,2092,4511,1375,12.8,20.6
Mount Shuksan,https://www.peakbagger.com/peak.aspx?pid=1630,9129,2783,4404,1342,9.9,15.9
Remmel Mountain,https://www.peakbagger.com/peak.aspx?pid=1773,8688,2648,4327,1319,16.8,27
Jack Mountain,https://www.peakbagger.com/peak.aspx?pid=1699,9069,2764,4213,1284,16.3,26.2
Moses Mountain,https://www.peakbagger.com/peak.aspx?pid=2951,6774,2065,4134,1260,28,45.1
Mount Deception,https://www.peakbagger.com/peak.aspx?pid=941,7786,2373,4129,1259,21.8,35.1
Mount Prophet,https://www.peakbagger.com/peak.aspx?pid=1649,7673,2339,4068,1240,5,8
North Gardner Mountain,https://www.peakbagger.com/peak.aspx?pid=1926,8963,2732,4020,1225,14.4,23.2
Hozomeen Mountain,https://www.peakbagger.com/peak.aspx?pid=1678,8072,2460,3938,1200,6.8,10.9
Sloan Peak,https://www.peakbagger.com/peak.aspx?pid=1803,7839,2389,3893,1187,10.4,16.7
Ruby Mountain,https://www.peakbagger.com/peak.aspx?pid=1814,7426,2263,3887,1185,4.2,6.8
Huckleberry Mountain,https://www.peakbagger.com/peak.aspx?pid=178821,5831,1777,3868,1179,25.6,41.2
Goode Mountain,https://www.peakbagger.com/peak.aspx?pid=1836,9228,2813,3835,1169,17,27.4
White Chuck Mountain,https://www.peakbagger.com/peak.aspx?pid=1787,6993,2131,3824,1166,4.9,7.9
Bonanza Peak,https://www.peakbagger.com/peak.aspx?pid=1909,9508,2898,3726,1136,13.8,22.2
Big Chiwaukum,https://www.peakbagger.com/peak.aspx?pid=2165,8095,2467,3718,1133,10.3,16.6
Gilbert Peak,https://www.peakbagger.com/peak.aspx?pid=2337,8201,2500,3705,1129,18.3,29.4
Gunn Peak,https://www.peakbagger.com/peak.aspx?pid=1996,6238,1901,3645,1111,10.1,16.3
Calispell Peak,https://www.peakbagger.com/peak.aspx?pid=3052,6858,2090,3643,1110,33.6,54.1
Mount Bonaparte,https://www.peakbagger.com/peak.aspx?pid=2946,7259,2213,3539,1079,26.7,43
Mount Daniel,https://www.peakbagger.com/peak.aspx?pid=2132,7977,2431,3508,1069,13.4,21.6
Mount Spokane,https://www.peakbagger.com/peak.aspx?pid=3056,5885,1794,3505,1068,33.2,53.4
Black Peak,https://www.peakbagger.com/peak.aspx?pid=1830,8991,2740,3498,1066,5.2,8.4
South Twin,https://www.peakbagger.com/peak.aspx?pid=1620,6935,2114,3488,1063,6.5,10.5
Lyman Hill,https://www.peakbagger.com/peak.aspx?pid=1626,4307,1313,3438,1048,7.1,11.4
Aeneas Mountain,https://www.peakbagger.com/peak.aspx?pid=1781,5172,1576,3359,1024,4.1,6.6
Mount Blum,https://www.peakbagger.com/peak.aspx?pid=1640,7685,2342,3338,1017,6.1,9.8
Dirtyface Peak,https://www.peakbagger.com/peak.aspx?pid=1987,6229,1899,3307,1008,4.5,7.2
Mount Aix,https://www.peakbagger.com/peak.aspx?pid=2254,7771,2369,3296,1005,19.9,32
Mount Lago,https://www.peakbagger.com/peak.aspx?pid=1732,8748,2666,3280,1000,19.5,31.4
Castle Peak,https://www.peakbagger.com/peak.aspx?pid=1679,8348,2545,3264,995,14.8,23.8
Desolation Peak,https://www.peakbagger.com/peak.aspx?pid=1688,6107,1861,3214,980,2.7,4.3
Ellemeham Mountain,https://www.peakbagger.com/peak.aspx?pid=1780,4667,1423,3211,979,4.5,7.2
Big Gee,https://www.peakbagger.com/peak.aspx?pid=1785,5090,1551,3179,969,8.9,14.3
High Rock,https://www.peakbagger.com/peak.aspx?pid=2312,5695,1736,3138,956,6,9.7
Big Craggy Peak,https://www.peakbagger.com/peak.aspx?pid=1748,8478,2584,3133,955,9.9,15.9
Mount Fury - East Peak,https://www.peakbagger.com/peak.aspx?pid=1655,8326,2538,3114,949,2.3,3.7
Dome Peak,https://www.peakbagger.com/peak.aspx?pid=1886,8926,2721,3079,938,8.4,13.5
Mount Buckner,https://www.peakbagger.com/peak.aspx?pid=1852,9116,2779,3064,934,4.1,6.6
Rogers Benchmark,https://www.peakbagger.com/peak.aspx?pid=3044,5780,1762,3046,928,11.9,19.1
Anderson Mountain,https://www.peakbagger.com/peak.aspx?pid=1625,3372,1028,3046,928,4.2,6.8
Mount Index,https://www.peakbagger.com/peak.aspx?pid=2045,6002,1829,3017,920,6.4,10.3
American Border Peak,https://www.peakbagger.com/peak.aspx?pid=1594,8032,2448,2989,911,11.2,18
Mount Howard,https://www.peakbagger.com/peak.aspx?pid=2002,7068,2154,2928,892,5.3,8.5
Snowfield Peak,https://www.peakbagger.com/peak.aspx?pid=1840,8351,2545,2917,889,4.2,6.8
Tower Mountain,https://www.peakbagger.com/peak.aspx?pid=1717,8445,2574,2904,885,5.9,9.5
Illabot Peaks,https://www.peakbagger.com/peak.aspx?pid=1856,5946,1812,2883,879,3.1,5
Sumas Mountain,https://www.peakbagger.com/peak.aspx?pid=1598,3432,1046,2873,876,7.3,11.7
Mount Pilchuck,https://www.peakbagger.com/peak.aspx?pid=1798,5341,1628,2868,874,7.6,12.2
Mount Pugh,https://www.peakbagger.com/peak.aspx?pid=1974,7208,2197,2818,859,6.9,11.1
Mission Peak,https://www.peakbagger.com/peak.aspx?pid=2192,6882,2098,2814,858,18,29
Mount Fernow,https://www.peakbagger.com/peak.aspx?pid=2012,9246,2818,2808,856,5.9,9.5
Tiffany Mountain,www.peakbagger.com/peak.aspx?pid=1779,8249,2514,2794,852,18,29
The Brothers,https://www.peakbagger.com/peak.aspx?pid=1036,6868,2093,2779,847,7.1,11.4
Mount Forgotten,https://www.peakbagger.com/peak.aspx?pid=1794,6005,1830,2765,843,4.2,6.8
Chimney Rock,https://www.peakbagger.com/peak.aspx?pid=2143,7743,2360,2750,838,6.4,10.3
Ten-Four Mountain,https://www.peakbagger.com/peak.aspx?pid=2042,4357,1328,2742,836,3.8,6.1
Oval Peak,https://www.peakbagger.com/peak.aspx?pid=1953,8800,2682,2730,832,15.4,24.8
Bigfoot Hill,https://www.peakbagger.com/peak.aspx?pid=23420,3093,943,2704,824,4.2,6.8
Boistfort Peak,https://www.peakbagger.com/peak.aspx?pid=1065,3116,950,2680,817,34.5,55.5
Badger Mountain,https://www.peakbagger.com/peak.aspx?pid=3089,4260,1298,2677,816,6.4,10.3
Mount Elbert,https://www.peakbagger.com/peak.aspx?pid=23419,4341,1323,2651,808,7.8,12.6
Mount Washington,https://www.peakbagger.com/peak.aspx?pid=1048,6259,1908,2623,800,4.7,7.6
Mount Muller,https://www.peakbagger.com/peak.aspx?pid=16418,3763,1147,2613,796,5.4,8.7
Rattlesnake Mountain,https://www.peakbagger.com/peak.aspx?pid=2212,3520,1073,2585,788,3.9,6.3
Lime Creek Mountain,https://www.peakbagger.com/peak.aspx?pid=16419,4762,1451,2576,785,5.2,8.4
Indian Rock,https://www.peakbagger.com/peak.aspx?pid=3101,5852,1784,2572,784,30.5,49.1
Red Mountain,https://www.peakbagger.com/peak.aspx?pid=2158,5909,1801,2556,779,4.2,6.8
Addy Mountain,https://www.peakbagger.com/peak.aspx?pid=16420,4888,1490,2546,776,9.5,15.3
Mount Lawson,https://www.peakbagger.com/peak.aspx?pid=991,5403,1647,2518,767,2.7,4.3
Bacon Peak,https://www.peakbagger.com/peak.aspx?pid=1644,7067,2154,2512,766,4.5,7.2
Baring Mountain,https://www.peakbagger.com/peak.aspx?pid=1999,6127,1868,2502,763,2.6,4.2
Three Fools Peak,https://www.peakbagger.com/peak.aspx?pid=1689,7955,2425,2501,762,7.1,11.4
Snyder Hill,https://www.peakbagger.com/peak.aspx?pid=3064,5437,1657,2499,762,2.8,4.5
Silo Mountain,https://www.peakbagger.com/peak.aspx?pid=1784,4175,1273,2491,759,5.6,9
Mount Annie,https://www.peakbagger.com/peak.aspx?pid=2947,6064,1848,2485,757,8,12.9
Mount David,https://www.peakbagger.com/peak.aspx?pid=1991,7428,2264,2476,755,5.6,9
Silver Star Mountain,https://www.peakbagger.com/peak.aspx?pid=1914,8897,2712,2473,754,4.5,7.2
Mount Misch,https://www.peakbagger.com/peak.aspx?pid=1861,7439,2267,2472,753,5.3,8.5
Lemei Rock,https://www.peakbagger.com/peak.aspx?pid=2369,5929,1807,2436,743,14.1,22.7
Oregon Butte,https://www.peakbagger.com/peak.aspx?pid=3104,6395,1949,2415,736,46.4,74.7
White Mountain,https://www.peakbagger.com/peak.aspx?pid=2959,5612,1711,2412,735,12.5,20.1
Tumwater Mountain,https://www.peakbagger.com/peak.aspx?pid=16421,4530,1381,2412,735,2,3.2
Mount Constitution,https://www.peakbagger.com/peak.aspx?pid=764,2410,735,2410,735,21.4,34.4
Old Dominion Mountain,https://www.peakbagger.com/peak.aspx?pid=3046,5776,1761,2399,731,11.1,17.9
Molybdenite Mountain,https://www.peakbagger.com/peak.aspx?pid=3066,6790,2070,2366,721,12.4,20
Huffaker Mountain,https://www.peakbagger.com/peak.aspx?pid=16422,3637,1109,2345,715,3.9,6.3
Capitol Peak,https://www.peakbagger.com/peak.aspx?pid=1063,2670,814,2318,707,25.7,41.4
Crystal Mountain,https://www.peakbagger.com/peak.aspx?pid=2245,7007,2136,2315,706,5.1,8.2
Monumental Mountain,https://www.peakbagger.com/peak.aspx?pid=3047,5538,1688,2308,703,15.3,24.6
Dock Butte,https://www.peakbagger.com/peak.aspx?pid=1623,5213,1589,2303,702,3.2,5.1
Mesahchie Peak,https://www.peakbagger.com/peak.aspx?pid=1822,8810,2685,2299,701,3.8,6.1
Chelan Butte,https://www.peakbagger.com/peak.aspx?pid=16423,3838,1170,2276,694,10.1,16.3
Storm King Mountain,https://www.peakbagger.com/peak.aspx?pid=2314,4739,1444,2261,689,8.3,13.4
Del Campo Peak,https://www.peakbagger.com/peak.aspx?pid=1808,6615,2016,2256,688,3.8,6.1
Daemon Peak,https://www.peakbagger.com/peak.aspx?pid=1694,7531,2295,2243,684,3.1,5
Lookout Mountain,https://www.peakbagger.com/peak.aspx?pid=25451,2682,817,2240,683,1,1.6
Lakeview Peak,https://www.peakbagger.com/peak.aspx?pid=16425,3885,1184,2217,676,4.7,7.6
North Mountain,https://www.peakbagger.com/peak.aspx?pid=16424,3834,1169,2214,675,3.7,6
Eldorado Peak,https://www.peakbagger.com/peak.aspx?pid=1846,8878,2706,2209,673,5.4,8.7
McDonald Mountain,https://www.peakbagger.com/peak.aspx?pid=2223,3573,1089,2203,671,2.5,4
Buckhorn Mountain,https://www.peakbagger.com/peak.aspx?pid=2944,5606,1709,2202,671,9.9,15.9
North Baldy,https://www.peakbagger.com/peak.aspx?pid=3067,6180,1884,2198,670,11.3,18.2
Purcell Mountain,https://www.peakbagger.com/peak.aspx?pid=2315,5446,1660,2183,665,6.8,10.9
Mount Stone,https://www.peakbagger.com/peak.aspx?pid=1040,6618,2017,2174,663,6.7,10.8
Whitehorse Mountain,https://www.peakbagger.com/peak.aspx?pid=1788,6850,2088,2173,662,2.9,4.7
Silver Peak,https://www.peakbagger.com/peak.aspx?pid=2218,5608,1709,2169,661,4,6.4
Mount Wow,https://www.peakbagger.com/peak.aspx?pid=2286,6045,1843,2163,659,3.6,5.8
McGregor Mountain,https://www.peakbagger.com/peak.aspx?pid=1940,8143,2482,2161,659,6.9,11.1
Whitmore Mountain,https://www.peakbagger.com/peak.aspx?pid=16426,3920,1195,2160,658,5.7,9.2
Martin Peak,https://www.peakbagger.com/peak.aspx?pid=1908,8509,2594,2152,656,2,3.2
The Cradle,https://www.peakbagger.com/peak.aspx?pid=2171,7472,2277,2143,653,5.7,9.2
Natapoc Mountain,https://www.peakbagger.com/peak.aspx?pid=16427,4219,1286,2137,651,4.1,6.6
Liberty Mountain,https://www.peakbagger.com/peak.aspx?pid=1792,5692,1735,2136,651,2.3,3.7
Mineral Mountain,https://www.peakbagger.com/peak.aspx?pid=16428,6794,2071,2128,649,3.1,5
Jim Hill Mountain,https://www.peakbagger.com/peak.aspx?pid=2164,6768,2063,2108,643,3.8,6.1
Goat Mountain,https://www.peakbagger.com/peak.aspx?pid=2139,6609,2014,2096,639,2.9,4.7
Cardinal Peak,https://www.peakbagger.com/peak.aspx?pid=2028,8596,2620,2094,638,9.1,14.6
Lennox Mountain,https://www.peakbagger.com/peak.aspx?pid=2054,5894,1797,2093,638,6.3,10.1
Tomyhoi Peak,https://www.peakbagger.com/peak.aspx?pid=1596,7453,2272,2092,638,2.4,3.9
Amabilis Mountain,https://www.peakbagger.com/peak.aspx?pid=2157,4568,1392,2092,638,3.1,5
Goat Mountain - Middle Peak,https://www.peakbagger.com/peak.aspx?pid=25503,5402,1647,2084,635,1.1,1.8
Mount Walker,https://www.peakbagger.com/peak.aspx?pid=1033,2814,858,2084,635,2,3.2
Sauk Mountain,https://www.peakbagger.com/peak.aspx?pid=24532,5544,1690,2070,631,5.8,9.3
Unicorn Peak,https://www.peakbagger.com/peak.aspx?pid=2327,6940,2115,2063,629,4.3,6.9
Rock Peak,https://www.peakbagger.com/peak.aspx?pid=16430,3362,1025,2059,628,3.9,6.3
Indian Head Peak,https://www.peakbagger.com/peak.aspx?pid=1989,7447,2270,2053,626,3.3,5.3
Mount Elk Lick,https://www.peakbagger.com/peak.aspx?pid=1003,6523,1988,2045,623,3.8,6.1
Reynolds Peak,https://www.peakbagger.com/peak.aspx?pid=1945,8517,2596,2043,623,8.6,13.8
Sheep Mountain,https://www.peakbagger.com/peak.aspx?pid=1720,8278,2523,2041,622,8.3,13.4
Goat Mountain,https://www.peakbagger.com/peak.aspx?pid=2356,4963,1513,2036,621,3.9,6.3
Tunk Mountain,https://www.peakbagger.com/peak.aspx?pid=2948,6069,1850,2029,618,11.6,18.7
Elija Ridge,https://www.peakbagger.com/peak.aspx?pid=1816,7745,2361,2015,614,1.8,2.9
Blacktail Butte,https://www.peakbagger.com/peak.aspx?pid=18866,5433,1656,2008,612,5.6,9
West Peak,https://www.peakbagger.com/peak.aspx?pid=996,7367,2245,2003,611,7.7,12.4
Whitestone Ridge,https://www.peakbagger.com/peak.aspx?pid=16429,4760,1451,2000,610,13.5,21.7
Stonewall Ridge,https://www.peakbagger.com/peak.aspx?pid=24849,6025,1836,1994,608,2.5,4
Hogback Mountain,https://www.peakbagger.com/peak.aspx?pid=2330,6791,2070,1983,604,4.9,7.9
Crater Mountain,https://www.peakbagger.com/peak.aspx?pid=1701,8133,2479,1971,601,2.7,4.3
Ruby Hill,https://www.peakbagger.com/peak.aspx?pid=18867,4960,1512,1969,600,2.9,4.7
Mount Terror,https://www.peakbagger.com/peak.aspx?pid=1657,8154,2485,1967,600,2.5,4
Plummer Mountain,https://www.peakbagger.com/peak.aspx?pid=1893,7875,2400,1964,599,2.5,4
Mount Constance,https://www.peakbagger.com/peak.aspx?pid=1022,7749,2362,1963,598,5.7,9.2
Gabriel Peak,https://www.peakbagger.com/peak.aspx?pid=1817,7942,2421,1960,597,2.6,4.2
Azurite Peak,https://www.peakbagger.com/peak.aspx?pid=1709,8445,2574,1943,592,5.2,8.4
Mount Formidable,https://www.peakbagger.com/peak.aspx?pid=1872,8357,2547,1941,592,5.3,8.5
Mount Meany,https://www.peakbagger.com/peak.aspx?pid=982,6701,2042,1935,590,4.1,6.6
American Ridge,https://www.peakbagger.com/peak.aspx?pid=24262,6970,2124,1929,588,5.6,9
McCoy Peak,https://www.peakbagger.com/peak.aspx?pid=24260,5862,1787,1929,588,3.1,5
Buck Mountain,https://www.peakbagger.com/peak.aspx?pid=1985,8539,2603,1923,586,3.9,6.3
Kamo Hills,https://www.peakbagger.com/peak.aspx?pid=18869,3200,975,1920,585,5.7,9.2
Bodie Mountain,https://www.peakbagger.com/peak.aspx?pid=2945,5745,1751,1919,585,11.3,18.2
Fawn Peak,https://www.peakbagger.com/peak.aspx?pid=24259,6586,2007,1916,584,3.4,5.5
Olo Mountain,https://www.peakbagger.com/peak.aspx?pid=24268,3496,1066,1916,584,2.3,3.7
Mount Despair,https://www.peakbagger.com/peak.aspx?pid=1641,7299,2225,1912,583,3.8,6.1
Hoodoo Mountain,https://www.peakbagger.com/peak.aspx?pid=24264,5141,1567,1905,581,2.1,3.4
Ellis Mountain,https://www.peakbagger.com/peak.aspx?pid=890,2679,817,1903,580,9.4,15.1
Bear Mountain,https://www.peakbagger.com/peak.aspx?pid=24263,3620,1103,1900,579,3.8,6.1
Spire Mountain,https://www.peakbagger.com/peak.aspx?pid=1995,6217,1895,1888,575,3.9,6.3
Doty Hills,https://www.peakbagger.com/peak.aspx?pid=24261,2493,760,1885,575,14.5,23.3
Little Chopaka Mountain,https://www.peakbagger.com/peak.aspx?pid=24266,3256,992,1878,572,2.1,3.4
Strawberry Mountain,https://www.peakbagger.com/peak.aspx?pid=24267,5738,1749,1874,571,6.1,9.8
Griffin Mountain,https://www.peakbagger.com/peak.aspx?pid=24271,5287,1611,1867,569,3.6,5.8
Sunrise Peak,https://www.peakbagger.com/peak.aspx?pid=2360,5895,1797,1864,568,11.6,18.7
Meadow Mountain,https://www.peakbagger.com/peak.aspx?pid=2225,5450,1661,1863,568,4,6.4
Paranoia Peak,https://www.peakbagger.com/peak.aspx?pid=24265,5100,1554,1857,566,3,4.8
Stimson Hill,https://www.peakbagger.com/peak.aspx?pid=24213,2881,878,1857,566,6.1,9.8
Copper Mountain,https://www.peakbagger.com/peak.aspx?pid=1597,7143,2177,1855,565,3,4.8
Kaleetan Peak,https://www.peakbagger.com/peak.aspx?pid=2101,6260,1908,1850,564,2.9,4.7
Davis Peak,https://www.peakbagger.com/peak.aspx?pid=24269,2958,902,1850,564,8.6,13.8
Mount Redoubt,https://www.peakbagger.com/peak.aspx?pid=1613,8963,2732,1843,562,2.9,4.7
Long Mountain,https://www.peakbagger.com/peak.aspx?pid=24273,5117,1560,1842,561,2.3,3.7
Chopaka Mountain,https://www.peakbagger.com/peak.aspx?pid=24270,7888,2404,1840,561,6.4,10.3
Mount Whittier,https://www.peakbagger.com/peak.aspx?pid=2344,5880,1792,1839,561,7.8,12.6
Rattlesnake Hills Lookout,https://www.peakbagger.com/peak.aspx?pid=3092,3632,1107,1830,558,12.9,20.8
Domke Mountain,https://www.peakbagger.com/peak.aspx?pid=24274,4068,1240,1826,557,1.8,2.9
Mount Chaval,https://www.peakbagger.com/peak.aspx?pid=19111,7138,2176,1825,556,2.5,4
Red Top Mountain,https://www.peakbagger.com/peak.aspx?pid=24272,4632,1412,1824,556,2.9,4.7
Christie's Rabbit - West Ear,https://www.peakbagger.com/peak.aspx?pid=180242,6187,1886,1822,555,2.9,4.7
Jumbo Mountain,https://www.peakbagger.com/peak.aspx?pid=19110,5823,1775,1809,551,3.3,5.3
Windy Peak,https://www.peakbagger.com/peak.aspx?pid=1778,8340,2542,1807,551,9.2,14.8
Stetattle Ridge - North Peak,https://www.peakbagger.com/peak.aspx?pid=24277,6732,2052,1807,551,1.9,3.1
Mount Jupiter,https://www.peakbagger.com/peak.aspx?pid=1034,5704,1739,1807,551,4.1,6.6
Flora Mountain,https://www.peakbagger.com/peak.aspx?pid=1907,8328,2538,1805,550,4,6.4
Davis Peak,https://www.peakbagger.com/peak.aspx?pid=1662,7054,2150,1796,547,3,4.8
Hog Ranch Buttes,https://www.peakbagger.com/peak.aspx?pid=17316,4195,1279,1795,547,29.6,47.6
Mount Triumph,https://www.peakbagger.com/peak.aspx?pid=1642,7277,2218,1793,547,2.3,3.7
Wahatis Peak,https://www.peakbagger.com/peak.aspx?pid=18332,2695,821,1792,546,21.9,35.2
Huckleberry Mountain,https://www.peakbagger.com/peak.aspx?pid=24279,5476,1669,1785,544,4.3,6.9
Keller Butte,https://www.peakbagger.com/peak.aspx?pid=24276,4811,1466,1771,540,18.2,29.3
Grizzly Mountain,https://www.peakbagger.com/peak.aspx?pid=2964,6397,1950,1757,536,5.7,9.2
Lynx Mountain,https://www.peakbagger.com/peak.aspx?pid=24893,5720,1743,1720,524,4.2,6.8
